,Language,Compressions
0,en2ta,"tensor(0.5333, dtype=torch.float64)"
1,en2ta,"tensor(0.4751, dtype=torch.float64)"
2,en2ta,"tensor(0.4651, dtype=torch.float64)"
3,en2ta,"tensor(0.4673, dtype=torch.float64)"
4,en2ta,"tensor(0.4724, dtype=torch.float64)"
5,en2ta,"tensor(0.5258, dtype=torch.float64)"
6,en2ta,"tensor(0.5642, dtype=torch.float64)"
7,en2ta,"tensor(0.5875, dtype=torch.float64)"
8,en2ta,"tensor(0.4702, dtype=torch.float64)"
9,en2ta,"tensor(0.4946, dtype=torch.float64)"
10,en2ta,"tensor(0.5623, dtype=torch.float64)"
11,en2ta,"tensor(0.4936, dtype=torch.float64)"
12,en2ta,"tensor(0.5009, dtype=torch.float64)"
13,en2ta,"tensor(0.4589, dtype=torch.float64)"
14,en2ta,"tensor(0.4813, dtype=torch.float64)"
15,en2ta,"tensor(0.4614, dtype=torch.float64)"
16,en2ta,"tensor(0.4862, dtype=torch.float64)"
17,en2ta,"tensor(0.4851, dtype=torch.float64)"
18,en2ta,"tensor(0.4683, dtype=torch.float64)"
19,en2ta,"tensor(0.4664, dtype=torch.float64)"
20,en2ta,"tensor(0.5131, dtype=torch.float64)"
21,en2ta,"tensor(0.5021, dtype=torch.float64)"
22,en2ta,"tensor(0.5822, dtype=torch.float64)"
23,en2ta,"tensor(0.5037, dtype=torch.float64)"
24,en2ta,"tensor(0.4985, dtype=torch.float64)"
25,en2ta,"tensor(0.4683, dtype=torch.float64)"
26,en2ta,"tensor(0.5556, dtype=torch.float64)"
27,en2ta,"tensor(0.4861, dtype=torch.float64)"
28,en2ta,"tensor(0.4060, dtype=torch.float64)"
29,en2ta,"tensor(0.4756, dtype=torch.float64)"
30,en2ta,"tensor(0.4760, dtype=torch.float64)"
31,en2ta,"tensor(0.4932, dtype=torch.float64)"
32,en2ta,"tensor(0.4756, dtype=torch.float64)"
33,en2ta,"tensor(0.4606, dtype=torch.float64)"
34,en2ta,"tensor(0.4642, dtype=torch.float64)"
35,en2ta,"tensor(0.4762, dtype=torch.float64)"
36,en2ta,"tensor(0.4449, dtype=torch.float64)"
37,en2ta,"tensor(0.4701, dtype=torch.float64)"
38,en2ta,"tensor(0.5373, dtype=torch.float64)"
39,en2ta,"tensor(0.4723, dtype=torch.float64)"
40,en2ta,"tensor(0.4047, dtype=torch.float64)"
41,en2ta,"tensor(0.4756, dtype=torch.float64)"
42,en2ta,"tensor(0.4926, dtype=torch.float64)"
43,en2ta,"tensor(0.4496, dtype=torch.float64)"
44,en2ta,"tensor(0.5312, dtype=torch.float64)"
45,en2ta,"tensor(0.4924, dtype=torch.float64)"
46,en2ta,"tensor(0.5756, dtype=torch.float64)"
47,en2ta,"tensor(0.5562, dtype=torch.float64)"
48,en2ta,"tensor(0.4724, dtype=torch.float64)"
49,en2ta,"tensor(0.5170, dtype=torch.float64)"
50,en2ta,"tensor(0.5150, dtype=torch.float64)"
51,en2ta,"tensor(0.4911, dtype=torch.float64)"
52,en2ta,"tensor(0.5152, dtype=torch.float64)"
53,en2ta,"tensor(0.4505, dtype=torch.float64)"
54,en2ta,"tensor(0.5196, dtype=torch.float64)"
55,en2ta,"tensor(0.4680, dtype=torch.float64)"
56,en2ta,"tensor(0.5277, dtype=torch.float64)"
57,en2ta,"tensor(0.4947, dtype=torch.float64)"
58,en2ta,"tensor(0.4882, dtype=torch.float64)"
59,en2ta,"tensor(0.5376, dtype=torch.float64)"
60,en2ta,"tensor(0.5102, dtype=torch.float64)"
61,en2ta,"tensor(0.5000, dtype=torch.float64)"
62,en2ta,"tensor(0.4882, dtype=torch.float64)"
63,en2ta,"tensor(0.4258, dtype=torch.float64)"
64,en2ta,"tensor(0.5816, dtype=torch.float64)"
65,en2ta,"tensor(0.4515, dtype=torch.float64)"
66,en2ta,"tensor(0.5074, dtype=torch.float64)"
67,en2ta,"tensor(0.4589, dtype=torch.float64)"
68,en2ta,"tensor(0.4657, dtype=torch.float64)"
69,en2ta,"tensor(0.5479, dtype=torch.float64)"
70,en2ta,"tensor(0.5000, dtype=torch.float64)"
71,en2ta,"tensor(0.4888, dtype=torch.float64)"
72,en2ta,"tensor(0.4351, dtype=torch.float64)"
73,en2ta,"tensor(0.4979, dtype=torch.float64)"
74,en2ta,"tensor(0.5279, dtype=torch.float64)"
75,en2ta,"tensor(0.4669, dtype=torch.float64)"
76,en2ta,"tensor(0.4796, dtype=torch.float64)"
77,en2ta,"tensor(0.4083, dtype=torch.float64)"
78,en2ta,"tensor(0.4614, dtype=torch.float64)"
79,en2ta,"tensor(0.5090, dtype=torch.float64)"
80,en2ta,"tensor(0.5183, dtype=torch.float64)"
81,en2ta,"tensor(0.4556, dtype=torch.float64)"
82,en2ta,"tensor(0.4466, dtype=torch.float64)"
83,en2ta,"tensor(0.4782, dtype=torch.float64)"
84,en2ta,"tensor(0.5068, dtype=torch.float64)"
85,en2ta,"tensor(0.4801, dtype=torch.float64)"
86,en2ta,"tensor(0.4863, dtype=torch.float64)"
87,en2ta,"tensor(0.4703, dtype=torch.float64)"
88,en2ta,"tensor(0.5229, dtype=torch.float64)"
89,en2ta,"tensor(0.4906, dtype=torch.float64)"
90,en2ta,"tensor(0.4937, dtype=torch.float64)"
91,en2ta,"tensor(0.4904, dtype=torch.float64)"
92,en2ta,"tensor(0.4859, dtype=torch.float64)"
93,en2ta,"tensor(0.4880, dtype=torch.float64)"
94,en2ta,"tensor(0.4346, dtype=torch.float64)"
95,en2ta,"tensor(0.4880, dtype=torch.float64)"
96,en2ta,"tensor(0.4660, dtype=torch.float64)"
97,en2ta,"tensor(0.4428, dtype=torch.float64)"
98,en2ta,"tensor(0.4866, dtype=torch.float64)"
99,en2ta,"tensor(0.5082, dtype=torch.float64)"
100,en2te,"tensor(0.5512, dtype=torch.float64)"
101,en2te,"tensor(0.5096, dtype=torch.float64)"
102,en2te,"tensor(0.4897, dtype=torch.float64)"
103,en2te,"tensor(0.5820, dtype=torch.float64)"
104,en2te,"tensor(0.5628, dtype=torch.float64)"
105,en2te,"tensor(0.4854, dtype=torch.float64)"
106,en2te,"tensor(0.5395, dtype=torch.float64)"
107,en2te,"tensor(0.5743, dtype=torch.float64)"
108,en2te,"tensor(0.4790, dtype=torch.float64)"
109,en2te,"tensor(0.4778, dtype=torch.float64)"
110,en2te,"tensor(0.5893, dtype=torch.float64)"
111,en2te,"tensor(0.5017, dtype=torch.float64)"
112,en2te,"tensor(0.5260, dtype=torch.float64)"
113,en2te,"tensor(0.4837, dtype=torch.float64)"
114,en2te,"tensor(0.5465, dtype=torch.float64)"
115,en2te,"tensor(0.5120, dtype=torch.float64)"
116,en2te,"tensor(0.5232, dtype=torch.float64)"
117,en2te,"tensor(0.4746, dtype=torch.float64)"
118,en2te,"tensor(0.4785, dtype=torch.float64)"
119,en2te,"tensor(0.5292, dtype=torch.float64)"
120,en2te,"tensor(0.4827, dtype=torch.float64)"
121,en2te,"tensor(0.5494, dtype=torch.float64)"
122,en2te,"tensor(0.5750, dtype=torch.float64)"
123,en2te,"tensor(0.5243, dtype=torch.float64)"
124,en2te,"tensor(0.5286, dtype=torch.float64)"
125,en2te,"tensor(0.5385, dtype=torch.float64)"
126,en2te,"tensor(0.5588, dtype=torch.float64)"
127,en2te,"tensor(0.4629, dtype=torch.float64)"
128,en2te,"tensor(0.4717, dtype=torch.float64)"
129,en2te,"tensor(0.4964, dtype=torch.float64)"
130,en2te,"tensor(0.5228, dtype=torch.float64)"
131,en2te,"tensor(0.5046, dtype=torch.float64)"
132,en2te,"tensor(0.4529, dtype=torch.float64)"
133,en2te,"tensor(0.4568, dtype=torch.float64)"
134,en2te,"tensor(0.6762, dtype=torch.float64)"
135,en2te,"tensor(0.5256, dtype=torch.float64)"
136,en2te,"tensor(0.5173, dtype=torch.float64)"
137,en2te,"tensor(0.4771, dtype=torch.float64)"
138,en2te,"tensor(0.5512, dtype=torch.float64)"
139,en2te,"tensor(0.6102, dtype=torch.float64)"
140,en2te,"tensor(0.5179, dtype=torch.float64)"
141,en2te,"tensor(0.5985, dtype=torch.float64)"
142,en2te,"tensor(0.4951, dtype=torch.float64)"
143,en2te,"tensor(0.4842, dtype=torch.float64)"
144,en2te,"tensor(0.6043, dtype=torch.float64)"
145,en2te,"tensor(0.5966, dtype=torch.float64)"
146,en2te,"tensor(0.5355, dtype=torch.float64)"
147,en2te,"tensor(0.5846, dtype=torch.float64)"
148,en2te,"tensor(0.4964, dtype=torch.float64)"
149,en2te,"tensor(0.5779, dtype=torch.float64)"
150,en2te,"tensor(0.5354, dtype=torch.float64)"
151,en2te,"tensor(0.5143, dtype=torch.float64)"
152,en2te,"tensor(0.6142, dtype=torch.float64)"
153,en2te,"tensor(0.4779, dtype=torch.float64)"
154,en2te,"tensor(0.5477, dtype=torch.float64)"
155,en2te,"tensor(0.5139, dtype=torch.float64)"
156,en2te,"tensor(0.6059, dtype=torch.float64)"
157,en2te,"tensor(0.4857, dtype=torch.float64)"
158,en2te,"tensor(0.6060, dtype=torch.float64)"
159,en2te,"tensor(0.5455, dtype=torch.float64)"
160,en2te,"tensor(0.5869, dtype=torch.float64)"
161,en2te,"tensor(0.5437, dtype=torch.float64)"
162,en2te,"tensor(0.5123, dtype=torch.float64)"
163,en2te,"tensor(0.5562, dtype=torch.float64)"
164,en2te,"tensor(0.6093, dtype=torch.float64)"
165,en2te,"tensor(0.4879, dtype=torch.float64)"
166,en2te,"tensor(0.5777, dtype=torch.float64)"
167,en2te,"tensor(0.5297, dtype=torch.float64)"
168,en2te,"tensor(0.5612, dtype=torch.float64)"
169,en2te,"tensor(0.5594, dtype=torch.float64)"
170,en2te,"tensor(0.5877, dtype=torch.float64)"
171,en2te,"tensor(0.5208, dtype=torch.float64)"
172,en2te,"tensor(0.4767, dtype=torch.float64)"
173,en2te,"tensor(0.5697, dtype=torch.float64)"
174,en2te,"tensor(0.5219, dtype=torch.float64)"
175,en2te,"tensor(0.4304, dtype=torch.float64)"
176,en2te,"tensor(0.5271, dtype=torch.float64)"
177,en2te,"tensor(0.4822, dtype=torch.float64)"
178,en2te,"tensor(0.5126, dtype=torch.float64)"
179,en2te,"tensor(0.5610, dtype=torch.float64)"
180,en2te,"tensor(0.5421, dtype=torch.float64)"
181,en2te,"tensor(0.4926, dtype=torch.float64)"
182,en2te,"tensor(0.4899, dtype=torch.float64)"
183,en2te,"tensor(0.5099, dtype=torch.float64)"
184,en2te,"tensor(0.5138, dtype=torch.float64)"
185,en2te,"tensor(0.5520, dtype=torch.float64)"
186,en2te,"tensor(0.5502, dtype=torch.float64)"
187,en2te,"tensor(0.5580, dtype=torch.float64)"
188,en2te,"tensor(0.6019, dtype=torch.float64)"
189,en2te,"tensor(0.5200, dtype=torch.float64)"
190,en2te,"tensor(0.5266, dtype=torch.float64)"
191,en2te,"tensor(0.5481, dtype=torch.float64)"
192,en2te,"tensor(0.5167, dtype=torch.float64)"
193,en2te,"tensor(0.4989, dtype=torch.float64)"
194,en2te,"tensor(0.5571, dtype=torch.float64)"
195,en2te,"tensor(0.5019, dtype=torch.float64)"
196,en2te,"tensor(0.4799, dtype=torch.float64)"
197,en2te,"tensor(0.5357, dtype=torch.float64)"
198,en2te,"tensor(0.5948, dtype=torch.float64)"
199,en2te,"tensor(0.5237, dtype=torch.float64)"
200,en2el,"tensor(0.7439, dtype=torch.float64)"
201,en2el,"tensor(0.7261, dtype=torch.float64)"
202,en2el,"tensor(0.6653, dtype=torch.float64)"
203,en2el,"tensor(0.7500, dtype=torch.float64)"
204,en2el,"tensor(0.7184, dtype=torch.float64)"
205,en2el,"tensor(0.7379, dtype=torch.float64)"
206,en2el,"tensor(0.7696, dtype=torch.float64)"
207,en2el,"tensor(0.8307, dtype=torch.float64)"
208,en2el,"tensor(0.6732, dtype=torch.float64)"
209,en2el,"tensor(0.6462, dtype=torch.float64)"
210,en2el,"tensor(0.7403, dtype=torch.float64)"
211,en2el,"tensor(0.7133, dtype=torch.float64)"
212,en2el,"tensor(0.7238, dtype=torch.float64)"
213,en2el,"tensor(0.6611, dtype=torch.float64)"
214,en2el,"tensor(0.7690, dtype=torch.float64)"
215,en2el,"tensor(0.7291, dtype=torch.float64)"
216,en2el,"tensor(0.7664, dtype=torch.float64)"
217,en2el,"tensor(0.6667, dtype=torch.float64)"
218,en2el,"tensor(0.6884, dtype=torch.float64)"
219,en2el,"tensor(0.7164, dtype=torch.float64)"
220,en2el,"tensor(0.7241, dtype=torch.float64)"
221,en2el,"tensor(0.6453, dtype=torch.float64)"
222,en2el,"tensor(0.7799, dtype=torch.float64)"
223,en2el,"tensor(0.6979, dtype=torch.float64)"
224,en2el,"tensor(0.7112, dtype=torch.float64)"
225,en2el,"tensor(0.7325, dtype=torch.float64)"
226,en2el,"tensor(0.8049, dtype=torch.float64)"
227,en2el,"tensor(0.6907, dtype=torch.float64)"
228,en2el,"tensor(0.6502, dtype=torch.float64)"
229,en2el,"tensor(0.6976, dtype=torch.float64)"
230,en2el,"tensor(0.6974, dtype=torch.float64)"
231,en2el,"tensor(0.7056, dtype=torch.float64)"
232,en2el,"tensor(0.6748, dtype=torch.float64)"
233,en2el,"tensor(0.7061, dtype=torch.float64)"
234,en2el,"tensor(0.7418, dtype=torch.float64)"
235,en2el,"tensor(0.7012, dtype=torch.float64)"
236,en2el,"tensor(0.6833, dtype=torch.float64)"
237,en2el,"tensor(0.7367, dtype=torch.float64)"
238,en2el,"tensor(0.7076, dtype=torch.float64)"
239,en2el,"tensor(0.7628, dtype=torch.float64)"
240,en2el,"tensor(0.6537, dtype=torch.float64)"
241,en2el,"tensor(0.7341, dtype=torch.float64)"
242,en2el,"tensor(0.7101, dtype=torch.float64)"
243,en2el,"tensor(0.6662, dtype=torch.float64)"
244,en2el,"tensor(0.7641, dtype=torch.float64)"
245,en2el,"tensor(0.7493, dtype=torch.float64)"
246,en2el,"tensor(0.7847, dtype=torch.float64)"
247,en2el,"tensor(0.7607, dtype=torch.float64)"
248,en2el,"tensor(0.6578, dtype=torch.float64)"
249,en2el,"tensor(0.7279, dtype=torch.float64)"
250,en2el,"tensor(0.7835, dtype=torch.float64)"
251,en2el,"tensor(0.7082, dtype=torch.float64)"
252,en2el,"tensor(0.8182, dtype=torch.float64)"
253,en2el,"tensor(0.6762, dtype=torch.float64)"
254,en2el,"tensor(0.7226, dtype=torch.float64)"
255,en2el,"tensor(0.6918, dtype=torch.float64)"
256,en2el,"tensor(0.7120, dtype=torch.float64)"
257,en2el,"tensor(0.6057, dtype=torch.float64)"
258,en2el,"tensor(0.7045, dtype=torch.float64)"
259,en2el,"tensor(0.7209, dtype=torch.float64)"
260,en2el,"tensor(0.6977, dtype=torch.float64)"
261,en2el,"tensor(0.6968, dtype=torch.float64)"
262,en2el,"tensor(0.6899, dtype=torch.float64)"
263,en2el,"tensor(0.7228, dtype=torch.float64)"
264,en2el,"tensor(0.8826, dtype=torch.float64)"
265,en2el,"tensor(0.7063, dtype=torch.float64)"
266,en2el,"tensor(0.7947, dtype=torch.float64)"
267,en2el,"tensor(0.7245, dtype=torch.float64)"
268,en2el,"tensor(0.7224, dtype=torch.float64)"
269,en2el,"tensor(0.7479, dtype=torch.float64)"
270,en2el,"tensor(0.7613, dtype=torch.float64)"
271,en2el,"tensor(0.6903, dtype=torch.float64)"
272,en2el,"tensor(0.6859, dtype=torch.float64)"
273,en2el,"tensor(0.7094, dtype=torch.float64)"
274,en2el,"tensor(0.7587, dtype=torch.float64)"
275,en2el,"tensor(0.6709, dtype=torch.float64)"
276,en2el,"tensor(0.7226, dtype=torch.float64)"
277,en2el,"tensor(0.6667, dtype=torch.float64)"
278,en2el,"tensor(0.7293, dtype=torch.float64)"
279,en2el,"tensor(0.7157, dtype=torch.float64)"
280,en2el,"tensor(0.7569, dtype=torch.float64)"
281,en2el,"tensor(0.7376, dtype=torch.float64)"
282,en2el,"tensor(0.7006, dtype=torch.float64)"
283,en2el,"tensor(0.7127, dtype=torch.float64)"
284,en2el,"tensor(0.7482, dtype=torch.float64)"
285,en2el,"tensor(0.8295, dtype=torch.float64)"
286,en2el,"tensor(0.7203, dtype=torch.float64)"
287,en2el,"tensor(0.7381, dtype=torch.float64)"
288,en2el,"tensor(0.7024, dtype=torch.float64)"
289,en2el,"tensor(0.7163, dtype=torch.float64)"
290,en2el,"tensor(0.7485, dtype=torch.float64)"
291,en2el,"tensor(0.7588, dtype=torch.float64)"
292,en2el,"tensor(0.6761, dtype=torch.float64)"
293,en2el,"tensor(0.7418, dtype=torch.float64)"
294,en2el,"tensor(0.7093, dtype=torch.float64)"
295,en2el,"tensor(0.7012, dtype=torch.float64)"
296,en2el,"tensor(0.7035, dtype=torch.float64)"
297,en2el,"tensor(0.7397, dtype=torch.float64)"
298,en2el,"tensor(0.8020, dtype=torch.float64)"
299,en2el,"tensor(0.6961, dtype=torch.float64)"
300,en2hy,"tensor(0.6521, dtype=torch.float64)"
301,en2hy,"tensor(0.6509, dtype=torch.float64)"
302,en2hy,"tensor(0.5446, dtype=torch.float64)"
303,en2hy,"tensor(0.7174, dtype=torch.float64)"
304,en2hy,"tensor(0.6521, dtype=torch.float64)"
305,en2hy,"tensor(0.6455, dtype=torch.float64)"
306,en2hy,"tensor(0.7809, dtype=torch.float64)"
307,en2hy,"tensor(0.7065, dtype=torch.float64)"
308,en2hy,"tensor(0.6069, dtype=torch.float64)"
309,en2hy,"tensor(0.5575, dtype=torch.float64)"
310,en2hy,"tensor(0.6605, dtype=torch.float64)"
311,en2hy,"tensor(0.6419, dtype=torch.float64)"
312,en2hy,"tensor(0.6253, dtype=torch.float64)"
313,en2hy,"tensor(0.5471, dtype=torch.float64)"
314,en2hy,"tensor(0.7359, dtype=torch.float64)"
315,en2hy,"tensor(0.6137, dtype=torch.float64)"
316,en2hy,"tensor(0.6911, dtype=torch.float64)"
317,en2hy,"tensor(0.5116, dtype=torch.float64)"
318,en2hy,"tensor(0.6239, dtype=torch.float64)"
319,en2hy,"tensor(0.7079, dtype=torch.float64)"
320,en2hy,"tensor(0.6706, dtype=torch.float64)"
321,en2hy,"tensor(0.6720, dtype=torch.float64)"
322,en2hy,"tensor(0.7771, dtype=torch.float64)"
323,en2hy,"tensor(0.6576, dtype=torch.float64)"
324,en2hy,"tensor(0.6637, dtype=torch.float64)"
325,en2hy,"tensor(0.6529, dtype=torch.float64)"
326,en2hy,"tensor(0.7841, dtype=torch.float64)"
327,en2hy,"tensor(0.6948, dtype=torch.float64)"
328,en2hy,"tensor(0.5772, dtype=torch.float64)"
329,en2hy,"tensor(0.6335, dtype=torch.float64)"
330,en2hy,"tensor(0.6483, dtype=torch.float64)"
331,en2hy,"tensor(0.6127, dtype=torch.float64)"
332,en2hy,"tensor(0.5888, dtype=torch.float64)"
333,en2hy,"tensor(0.6222, dtype=torch.float64)"
334,en2hy,"tensor(0.6667, dtype=torch.float64)"
335,en2hy,"tensor(0.6045, dtype=torch.float64)"
336,en2hy,"tensor(0.6443, dtype=torch.float64)"
337,en2hy,"tensor(0.6326, dtype=torch.float64)"
338,en2hy,"tensor(0.6370, dtype=torch.float64)"
339,en2hy,"tensor(0.6667, dtype=torch.float64)"
340,en2hy,"tensor(0.5672, dtype=torch.float64)"
341,en2hy,"tensor(0.6805, dtype=torch.float64)"
342,en2hy,"tensor(0.6564, dtype=torch.float64)"
343,en2hy,"tensor(0.5738, dtype=torch.float64)"
344,en2hy,"tensor(0.7167, dtype=torch.float64)"
345,en2hy,"tensor(0.7042, dtype=torch.float64)"
346,en2hy,"tensor(0.7283, dtype=torch.float64)"
347,en2hy,"tensor(0.6719, dtype=torch.float64)"
348,en2hy,"tensor(0.5736, dtype=torch.float64)"
349,en2hy,"tensor(0.7312, dtype=torch.float64)"
350,en2hy,"tensor(0.6575, dtype=torch.float64)"
351,en2hy,"tensor(0.7127, dtype=torch.float64)"
352,en2hy,"tensor(0.7053, dtype=torch.float64)"
353,en2hy,"tensor(0.6057, dtype=torch.float64)"
354,en2hy,"tensor(0.6570, dtype=torch.float64)"
355,en2hy,"tensor(0.6070, dtype=torch.float64)"
356,en2hy,"tensor(0.7156, dtype=torch.float64)"
357,en2hy,"tensor(0.5917, dtype=torch.float64)"
358,en2hy,"tensor(0.6579, dtype=torch.float64)"
359,en2hy,"tensor(0.7305, dtype=torch.float64)"
360,en2hy,"tensor(0.5931, dtype=torch.float64)"
361,en2hy,"tensor(0.6150, dtype=torch.float64)"
362,en2hy,"tensor(0.6102, dtype=torch.float64)"
363,en2hy,"tensor(0.6195, dtype=torch.float64)"
364,en2hy,"tensor(0.8292, dtype=torch.float64)"
365,en2hy,"tensor(0.6903, dtype=torch.float64)"
366,en2hy,"tensor(0.7182, dtype=torch.float64)"
367,en2hy,"tensor(0.7188, dtype=torch.float64)"
368,en2hy,"tensor(0.6683, dtype=torch.float64)"
369,en2hy,"tensor(0.7167, dtype=torch.float64)"
370,en2hy,"tensor(0.7218, dtype=torch.float64)"
371,en2hy,"tensor(0.6192, dtype=torch.float64)"
372,en2hy,"tensor(0.5852, dtype=torch.float64)"
373,en2hy,"tensor(0.6528, dtype=torch.float64)"
374,en2hy,"tensor(0.6842, dtype=torch.float64)"
375,en2hy,"tensor(0.6243, dtype=torch.float64)"
376,en2hy,"tensor(0.6362, dtype=torch.float64)"
377,en2hy,"tensor(0.5773, dtype=torch.float64)"
378,en2hy,"tensor(0.6410, dtype=torch.float64)"
379,en2hy,"tensor(0.6239, dtype=torch.float64)"
380,en2hy,"tensor(0.7051, dtype=torch.float64)"
381,en2hy,"tensor(0.6452, dtype=torch.float64)"
382,en2hy,"tensor(0.6103, dtype=torch.float64)"
383,en2hy,"tensor(0.6767, dtype=torch.float64)"
384,en2hy,"tensor(0.6639, dtype=torch.float64)"
385,en2hy,"tensor(0.6793, dtype=torch.float64)"
386,en2hy,"tensor(0.6353, dtype=torch.float64)"
387,en2hy,"tensor(0.6814, dtype=torch.float64)"
388,en2hy,"tensor(0.6233, dtype=torch.float64)"
389,en2hy,"tensor(0.6829, dtype=torch.float64)"
390,en2hy,"tensor(0.6730, dtype=torch.float64)"
391,en2hy,"tensor(0.7619, dtype=torch.float64)"
392,en2hy,"tensor(0.7284, dtype=torch.float64)"
393,en2hy,"tensor(0.6310, dtype=torch.float64)"
394,en2hy,"tensor(0.6224, dtype=torch.float64)"
395,en2hy,"tensor(0.6397, dtype=torch.float64)"
396,en2hy,"tensor(0.6074, dtype=torch.float64)"
397,en2hy,"tensor(0.5542, dtype=torch.float64)"
398,en2hy,"tensor(0.7405, dtype=torch.float64)"
399,en2hy,"tensor(0.6667, dtype=torch.float64)"
400,en2ru,"tensor(0.6757, dtype=torch.float64)"
401,en2ru,"tensor(0.6395, dtype=torch.float64)"
402,en2ru,"tensor(0.6304, dtype=torch.float64)"
403,en2ru,"tensor(0.7259, dtype=torch.float64)"
404,en2ru,"tensor(0.6359, dtype=torch.float64)"
405,en2ru,"tensor(0.6646, dtype=torch.float64)"
406,en2ru,"tensor(0.7464, dtype=torch.float64)"
407,en2ru,"tensor(0.7055, dtype=torch.float64)"
408,en2ru,"tensor(0.6434, dtype=torch.float64)"
409,en2ru,"tensor(0.5978, dtype=torch.float64)"
410,en2ru,"tensor(0.7004, dtype=torch.float64)"
411,en2ru,"tensor(0.6495, dtype=torch.float64)"
412,en2ru,"tensor(0.6997, dtype=torch.float64)"
413,en2ru,"tensor(0.6223, dtype=torch.float64)"
414,en2ru,"tensor(0.7330, dtype=torch.float64)"
415,en2ru,"tensor(0.6010, dtype=torch.float64)"
416,en2ru,"tensor(0.6941, dtype=torch.float64)"
417,en2ru,"tensor(0.5875, dtype=torch.float64)"
418,en2ru,"tensor(0.6150, dtype=torch.float64)"
419,en2ru,"tensor(0.6166, dtype=torch.float64)"
420,en2ru,"tensor(0.7171, dtype=torch.float64)"
421,en2ru,"tensor(0.7126, dtype=torch.float64)"
422,en2ru,"tensor(0.7849, dtype=torch.float64)"
423,en2ru,"tensor(0.7439, dtype=torch.float64)"
424,en2ru,"tensor(0.6331, dtype=torch.float64)"
425,en2ru,"tensor(0.6313, dtype=torch.float64)"
426,en2ru,"tensor(0.7355, dtype=torch.float64)"
427,en2ru,"tensor(0.6738, dtype=torch.float64)"
428,en2ru,"tensor(0.5906, dtype=torch.float64)"
429,en2ru,"tensor(0.6652, dtype=torch.float64)"
430,en2ru,"tensor(0.6438, dtype=torch.float64)"
431,en2ru,"tensor(0.6936, dtype=torch.float64)"
432,en2ru,"tensor(0.6014, dtype=torch.float64)"
433,en2ru,"tensor(0.6542, dtype=torch.float64)"
434,en2ru,"tensor(0.6546, dtype=torch.float64)"
435,en2ru,"tensor(0.6195, dtype=torch.float64)"
436,en2ru,"tensor(0.6372, dtype=torch.float64)"
437,en2ru,"tensor(0.6702, dtype=torch.float64)"
438,en2ru,"tensor(0.7004, dtype=torch.float64)"
439,en2ru,"tensor(0.6304, dtype=torch.float64)"
440,en2ru,"tensor(0.5953, dtype=torch.float64)"
441,en2ru,"tensor(0.6798, dtype=torch.float64)"
442,en2ru,"tensor(0.6648, dtype=torch.float64)"
443,en2ru,"tensor(0.5627, dtype=torch.float64)"
444,en2ru,"tensor(0.6667, dtype=torch.float64)"
445,en2ru,"tensor(0.7060, dtype=torch.float64)"
446,en2ru,"tensor(0.7402, dtype=torch.float64)"
447,en2ru,"tensor(0.6438, dtype=torch.float64)"
448,en2ru,"tensor(0.6022, dtype=torch.float64)"
449,en2ru,"tensor(0.6941, dtype=torch.float64)"
450,en2ru,"tensor(0.6565, dtype=torch.float64)"
451,en2ru,"tensor(0.6847, dtype=torch.float64)"
452,en2ru,"tensor(0.6940, dtype=torch.float64)"
453,en2ru,"tensor(0.5571, dtype=torch.float64)"
454,en2ru,"tensor(0.6714, dtype=torch.float64)"
455,en2ru,"tensor(0.6356, dtype=torch.float64)"
456,en2ru,"tensor(0.6842, dtype=torch.float64)"
457,en2ru,"tensor(0.6737, dtype=torch.float64)"
458,en2ru,"tensor(0.6339, dtype=torch.float64)"
459,en2ru,"tensor(0.7270, dtype=torch.float64)"
460,en2ru,"tensor(0.6289, dtype=torch.float64)"
461,en2ru,"tensor(0.6281, dtype=torch.float64)"
462,en2ru,"tensor(0.6227, dtype=torch.float64)"
463,en2ru,"tensor(0.6697, dtype=torch.float64)"
464,en2ru,"tensor(0.7915, dtype=torch.float64)"
465,en2ru,"tensor(0.6571, dtype=torch.float64)"
466,en2ru,"tensor(0.7280, dtype=torch.float64)"
467,en2ru,"tensor(0.7143, dtype=torch.float64)"
468,en2ru,"tensor(0.6757, dtype=torch.float64)"
469,en2ru,"tensor(0.7032, dtype=torch.float64)"
470,en2ru,"tensor(0.7176, dtype=torch.float64)"
471,en2ru,"tensor(0.6556, dtype=torch.float64)"
472,en2ru,"tensor(0.6099, dtype=torch.float64)"
473,en2ru,"tensor(0.6305, dtype=torch.float64)"
474,en2ru,"tensor(0.7470, dtype=torch.float64)"
475,en2ru,"tensor(0.5987, dtype=torch.float64)"
476,en2ru,"tensor(0.7118, dtype=torch.float64)"
477,en2ru,"tensor(0.5907, dtype=torch.float64)"
478,en2ru,"tensor(0.6919, dtype=torch.float64)"
479,en2ru,"tensor(0.6920, dtype=torch.float64)"
480,en2ru,"tensor(0.6825, dtype=torch.float64)"
481,en2ru,"tensor(0.6969, dtype=torch.float64)"
482,en2ru,"tensor(0.6099, dtype=torch.float64)"
483,en2ru,"tensor(0.6285, dtype=torch.float64)"
484,en2ru,"tensor(0.6864, dtype=torch.float64)"
485,en2ru,"tensor(0.7529, dtype=torch.float64)"
486,en2ru,"tensor(0.6627, dtype=torch.float64)"
487,en2ru,"tensor(0.6643, dtype=torch.float64)"
488,en2ru,"tensor(0.6335, dtype=torch.float64)"
489,en2ru,"tensor(0.6146, dtype=torch.float64)"
490,en2ru,"tensor(0.6575, dtype=torch.float64)"
491,en2ru,"tensor(0.7295, dtype=torch.float64)"
492,en2ru,"tensor(0.7220, dtype=torch.float64)"
493,en2ru,"tensor(0.6494, dtype=torch.float64)"
494,en2ru,"tensor(0.6633, dtype=torch.float64)"
495,en2ru,"tensor(0.6616, dtype=torch.float64)"
496,en2ru,"tensor(0.6132, dtype=torch.float64)"
497,en2ru,"tensor(0.6579, dtype=torch.float64)"
498,en2ru,"tensor(0.7636, dtype=torch.float64)"
499,en2ru,"tensor(0.6903, dtype=torch.float64)"
500,en2kk,"tensor(0.6975, dtype=torch.float64)"
501,en2kk,"tensor(0.6183, dtype=torch.float64)"
502,en2kk,"tensor(0.6076, dtype=torch.float64)"
503,en2kk,"tensor(0.6820, dtype=torch.float64)"
504,en2kk,"tensor(0.6531, dtype=torch.float64)"
505,en2kk,"tensor(0.6217, dtype=torch.float64)"
506,en2kk,"tensor(0.7744, dtype=torch.float64)"
507,en2kk,"tensor(0.7011, dtype=torch.float64)"
508,en2kk,"tensor(0.6524, dtype=torch.float64)"
509,en2kk,"tensor(0.6040, dtype=torch.float64)"
510,en2kk,"tensor(0.7231, dtype=torch.float64)"
511,en2kk,"tensor(0.6422, dtype=torch.float64)"
512,en2kk,"tensor(0.6649, dtype=torch.float64)"
513,en2kk,"tensor(0.6139, dtype=torch.float64)"
514,en2kk,"tensor(0.7566, dtype=torch.float64)"
515,en2kk,"tensor(0.5925, dtype=torch.float64)"
516,en2kk,"tensor(0.6440, dtype=torch.float64)"
517,en2kk,"tensor(0.5977, dtype=torch.float64)"
518,en2kk,"tensor(0.5857, dtype=torch.float64)"
519,en2kk,"tensor(0.6049, dtype=torch.float64)"
520,en2kk,"tensor(0.6614, dtype=torch.float64)"
521,en2kk,"tensor(0.6599, dtype=torch.float64)"
522,en2kk,"tensor(0.7500, dtype=torch.float64)"
523,en2kk,"tensor(0.6929, dtype=torch.float64)"
524,en2kk,"tensor(0.6546, dtype=torch.float64)"
525,en2kk,"tensor(0.6372, dtype=torch.float64)"
526,en2kk,"tensor(0.7758, dtype=torch.float64)"
527,en2kk,"tensor(0.6569, dtype=torch.float64)"
528,en2kk,"tensor(0.6135, dtype=torch.float64)"
529,en2kk,"tensor(0.6160, dtype=torch.float64)"
530,en2kk,"tensor(0.6971, dtype=torch.float64)"
531,en2kk,"tensor(0.6515, dtype=torch.float64)"
532,en2kk,"tensor(0.6011, dtype=torch.float64)"
533,en2kk,"tensor(0.6193, dtype=torch.float64)"
534,en2kk,"tensor(0.6725, dtype=torch.float64)"
535,en2kk,"tensor(0.6923, dtype=torch.float64)"
536,en2kk,"tensor(0.6196, dtype=torch.float64)"
537,en2kk,"tensor(0.6255, dtype=torch.float64)"
538,en2kk,"tensor(0.7014, dtype=torch.float64)"
539,en2kk,"tensor(0.7110, dtype=torch.float64)"
540,en2kk,"tensor(0.6021, dtype=torch.float64)"
541,en2kk,"tensor(0.6589, dtype=torch.float64)"
542,en2kk,"tensor(0.6584, dtype=torch.float64)"
543,en2kk,"tensor(0.6086, dtype=torch.float64)"
544,en2kk,"tensor(0.6585, dtype=torch.float64)"
545,en2kk,"tensor(0.7226, dtype=torch.float64)"
546,en2kk,"tensor(0.7335, dtype=torch.float64)"
547,en2kk,"tensor(0.6367, dtype=torch.float64)"
548,en2kk,"tensor(0.5872, dtype=torch.float64)"
549,en2kk,"tensor(0.6806, dtype=torch.float64)"
550,en2kk,"tensor(0.6560, dtype=torch.float64)"
551,en2kk,"tensor(0.6508, dtype=torch.float64)"
552,en2kk,"tensor(0.6596, dtype=torch.float64)"
553,en2kk,"tensor(0.6056, dtype=torch.float64)"
554,en2kk,"tensor(0.6565, dtype=torch.float64)"
555,en2kk,"tensor(0.6789, dtype=torch.float64)"
556,en2kk,"tensor(0.6884, dtype=torch.float64)"
557,en2kk,"tensor(0.6796, dtype=torch.float64)"
558,en2kk,"tensor(0.6715, dtype=torch.float64)"
559,en2kk,"tensor(0.7298, dtype=torch.float64)"
560,en2kk,"tensor(0.5862, dtype=torch.float64)"
561,en2kk,"tensor(0.6244, dtype=torch.float64)"
562,en2kk,"tensor(0.6396, dtype=torch.float64)"
563,en2kk,"tensor(0.6287, dtype=torch.float64)"
564,en2kk,"tensor(0.7059, dtype=torch.float64)"
565,en2kk,"tensor(0.6217, dtype=torch.float64)"
566,en2kk,"tensor(0.6660, dtype=torch.float64)"
567,en2kk,"tensor(0.6754, dtype=torch.float64)"
568,en2kk,"tensor(0.6384, dtype=torch.float64)"
569,en2kk,"tensor(0.6651, dtype=torch.float64)"
570,en2kk,"tensor(0.6635, dtype=torch.float64)"
571,en2kk,"tensor(0.6403, dtype=torch.float64)"
572,en2kk,"tensor(0.5990, dtype=torch.float64)"
573,en2kk,"tensor(0.5838, dtype=torch.float64)"
574,en2kk,"tensor(0.6895, dtype=torch.float64)"
575,en2kk,"tensor(0.5812, dtype=torch.float64)"
576,en2kk,"tensor(0.6577, dtype=torch.float64)"
577,en2kk,"tensor(0.5515, dtype=torch.float64)"
578,en2kk,"tensor(0.6615, dtype=torch.float64)"
579,en2kk,"tensor(0.6623, dtype=torch.float64)"
580,en2kk,"tensor(0.6644, dtype=torch.float64)"
581,en2kk,"tensor(0.6719, dtype=torch.float64)"
582,en2kk,"tensor(0.6006, dtype=torch.float64)"
583,en2kk,"tensor(0.6455, dtype=torch.float64)"
584,en2kk,"tensor(0.6836, dtype=torch.float64)"
585,en2kk,"tensor(0.7218, dtype=torch.float64)"
586,en2kk,"tensor(0.6490, dtype=torch.float64)"
587,en2kk,"tensor(0.6689, dtype=torch.float64)"
588,en2kk,"tensor(0.6369, dtype=torch.float64)"
589,en2kk,"tensor(0.6101, dtype=torch.float64)"
590,en2kk,"tensor(0.6417, dtype=torch.float64)"
591,en2kk,"tensor(0.7054, dtype=torch.float64)"
592,en2kk,"tensor(0.6815, dtype=torch.float64)"
593,en2kk,"tensor(0.6698, dtype=torch.float64)"
594,en2kk,"tensor(0.6451, dtype=torch.float64)"
595,en2kk,"tensor(0.6825, dtype=torch.float64)"
596,en2kk,"tensor(0.6410, dtype=torch.float64)"
597,en2kk,"tensor(0.6197, dtype=torch.float64)"
598,en2kk,"tensor(0.6313, dtype=torch.float64)"
599,en2kk,"tensor(0.6417, dtype=torch.float64)"
600,en2am,"tensor(0.7104, dtype=torch.float64)"
601,en2am,"tensor(0.7072, dtype=torch.float64)"
602,en2am,"tensor(0.6348, dtype=torch.float64)"
603,en2am,"tensor(0.7754, dtype=torch.float64)"
604,en2am,"tensor(0.7432, dtype=torch.float64)"
605,en2am,"tensor(0.6532, dtype=torch.float64)"
606,en2am,"tensor(0.7993, dtype=torch.float64)"
607,en2am,"tensor(0.7888, dtype=torch.float64)"
608,en2am,"tensor(0.6715, dtype=torch.float64)"
609,en2am,"tensor(0.6336, dtype=torch.float64)"
610,en2am,"tensor(0.7181, dtype=torch.float64)"
611,en2am,"tensor(0.7161, dtype=torch.float64)"
612,en2am,"tensor(0.7335, dtype=torch.float64)"
613,en2am,"tensor(0.6615, dtype=torch.float64)"
614,en2am,"tensor(0.7083, dtype=torch.float64)"
615,en2am,"tensor(0.6801, dtype=torch.float64)"
616,en2am,"tensor(0.7360, dtype=torch.float64)"
617,en2am,"tensor(0.6318, dtype=torch.float64)"
618,en2am,"tensor(0.6147, dtype=torch.float64)"
619,en2am,"tensor(0.7082, dtype=torch.float64)"
620,en2am,"tensor(0.7155, dtype=torch.float64)"
621,en2am,"tensor(0.6736, dtype=torch.float64)"
622,en2am,"tensor(0.8364, dtype=torch.float64)"
623,en2am,"tensor(0.7826, dtype=torch.float64)"
624,en2am,"tensor(0.7757, dtype=torch.float64)"
625,en2am,"tensor(0.7235, dtype=torch.float64)"
626,en2am,"tensor(0.7175, dtype=torch.float64)"
627,en2am,"tensor(0.7403, dtype=torch.float64)"
628,en2am,"tensor(0.6456, dtype=torch.float64)"
629,en2am,"tensor(0.7354, dtype=torch.float64)"
630,en2am,"tensor(0.6714, dtype=torch.float64)"
631,en2am,"tensor(0.7256, dtype=torch.float64)"
632,en2am,"tensor(0.6758, dtype=torch.float64)"
633,en2am,"tensor(0.6777, dtype=torch.float64)"
634,en2am,"tensor(0.6738, dtype=torch.float64)"
635,en2am,"tensor(0.7518, dtype=torch.float64)"
636,en2am,"tensor(0.6752, dtype=torch.float64)"
637,en2am,"tensor(0.6949, dtype=torch.float64)"
638,en2am,"tensor(0.7758, dtype=torch.float64)"
639,en2am,"tensor(0.7049, dtype=torch.float64)"
640,en2am,"tensor(0.6912, dtype=torch.float64)"
641,en2am,"tensor(0.6933, dtype=torch.float64)"
642,en2am,"tensor(0.7227, dtype=torch.float64)"
643,en2am,"tensor(0.6650, dtype=torch.float64)"
644,en2am,"tensor(0.7663, dtype=torch.float64)"
645,en2am,"tensor(0.7292, dtype=torch.float64)"
646,en2am,"tensor(0.7893, dtype=torch.float64)"
647,en2am,"tensor(0.7469, dtype=torch.float64)"
648,en2am,"tensor(0.6818, dtype=torch.float64)"
649,en2am,"tensor(0.7098, dtype=torch.float64)"
650,en2am,"tensor(0.7656, dtype=torch.float64)"
651,en2am,"tensor(0.7216, dtype=torch.float64)"
652,en2am,"tensor(0.7734, dtype=torch.float64)"
653,en2am,"tensor(0.6637, dtype=torch.float64)"
654,en2am,"tensor(0.7571, dtype=torch.float64)"
655,en2am,"tensor(0.7090, dtype=torch.float64)"
656,en2am,"tensor(0.6910, dtype=torch.float64)"
657,en2am,"tensor(0.7500, dtype=torch.float64)"
658,en2am,"tensor(0.6504, dtype=torch.float64)"
659,en2am,"tensor(0.7285, dtype=torch.float64)"
660,en2am,"tensor(0.6614, dtype=torch.float64)"
661,en2am,"tensor(0.7104, dtype=torch.float64)"
662,en2am,"tensor(0.6582, dtype=torch.float64)"
663,en2am,"tensor(0.6736, dtype=torch.float64)"
664,en2am,"tensor(0.8299, dtype=torch.float64)"
665,en2am,"tensor(0.7407, dtype=torch.float64)"
666,en2am,"tensor(0.6691, dtype=torch.float64)"
667,en2am,"tensor(0.7489, dtype=torch.float64)"
668,en2am,"tensor(0.7181, dtype=torch.float64)"
669,en2am,"tensor(0.7423, dtype=torch.float64)"
670,en2am,"tensor(0.7468, dtype=torch.float64)"
671,en2am,"tensor(0.6764, dtype=torch.float64)"
672,en2am,"tensor(0.7357, dtype=torch.float64)"
673,en2am,"tensor(0.6688, dtype=torch.float64)"
674,en2am,"tensor(0.7421, dtype=torch.float64)"
675,en2am,"tensor(0.6631, dtype=torch.float64)"
676,en2am,"tensor(0.6674, dtype=torch.float64)"
677,en2am,"tensor(0.5884, dtype=torch.float64)"
678,en2am,"tensor(0.7287, dtype=torch.float64)"
679,en2am,"tensor(0.6835, dtype=torch.float64)"
680,en2am,"tensor(0.6751, dtype=torch.float64)"
681,en2am,"tensor(0.7389, dtype=torch.float64)"
682,en2am,"tensor(0.7046, dtype=torch.float64)"
683,en2am,"tensor(0.7198, dtype=torch.float64)"
684,en2am,"tensor(0.7131, dtype=torch.float64)"
685,en2am,"tensor(0.7237, dtype=torch.float64)"
686,en2am,"tensor(0.6919, dtype=torch.float64)"
687,en2am,"tensor(0.7134, dtype=torch.float64)"
688,en2am,"tensor(0.6812, dtype=torch.float64)"
689,en2am,"tensor(0.7116, dtype=torch.float64)"
690,en2am,"tensor(0.6512, dtype=torch.float64)"
691,en2am,"tensor(0.8143, dtype=torch.float64)"
692,en2am,"tensor(0.8107, dtype=torch.float64)"
693,en2am,"tensor(0.7299, dtype=torch.float64)"
694,en2am,"tensor(0.7345, dtype=torch.float64)"
695,en2am,"tensor(0.7416, dtype=torch.float64)"
696,en2am,"tensor(0.6585, dtype=torch.float64)"
697,en2am,"tensor(0.7306, dtype=torch.float64)"
698,en2am,"tensor(0.8141, dtype=torch.float64)"
699,en2am,"tensor(0.7241, dtype=torch.float64)"
700,en2vi,"tensor(0.9405, dtype=torch.float64)"
701,en2vi,"tensor(0.8977, dtype=torch.float64)"
702,en2vi,"tensor(0.8810, dtype=torch.float64)"
703,en2vi,"tensor(0.9885, dtype=torch.float64)"
704,en2vi,"tensor(0.8934, dtype=torch.float64)"
705,en2vi,"tensor(0.9196, dtype=torch.float64)"
706,en2vi,"tensor(0.9865, dtype=torch.float64)"
707,en2vi,"tensor(0.9286, dtype=torch.float64)"
708,en2vi,"tensor(0.9263, dtype=torch.float64)"
709,en2vi,"tensor(0.8671, dtype=torch.float64)"
710,en2vi,"tensor(0.9110, dtype=torch.float64)"
711,en2vi,"tensor(0.9178, dtype=torch.float64)"
712,en2vi,"tensor(0.9349, dtype=torch.float64)"
713,en2vi,"tensor(0.9187, dtype=torch.float64)"
714,en2vi,"tensor(0.9435, dtype=torch.float64)"
715,en2vi,"tensor(0.9128, dtype=torch.float64)"
716,en2vi,"tensor(0.9309, dtype=torch.float64)"
717,en2vi,"tensor(0.9087, dtype=torch.float64)"
718,en2vi,"tensor(0.8762, dtype=torch.float64)"
719,en2vi,"tensor(0.9039, dtype=torch.float64)"
720,en2vi,"tensor(0.9528, dtype=torch.float64)"
721,en2vi,"tensor(0.9198, dtype=torch.float64)"
722,en2vi,"tensor(1.0071, dtype=torch.float64)"
723,en2vi,"tensor(0.9319, dtype=torch.float64)"
724,en2vi,"tensor(0.9160, dtype=torch.float64)"
725,en2vi,"tensor(0.8635, dtype=torch.float64)"
726,en2vi,"tensor(0.9765, dtype=torch.float64)"
727,en2vi,"tensor(0.9457, dtype=torch.float64)"
728,en2vi,"tensor(0.8869, dtype=torch.float64)"
729,en2vi,"tensor(0.8984, dtype=torch.float64)"
730,en2vi,"tensor(0.9428, dtype=torch.float64)"
731,en2vi,"tensor(0.9119, dtype=torch.float64)"
732,en2vi,"tensor(0.9047, dtype=torch.float64)"
733,en2vi,"tensor(0.9025, dtype=torch.float64)"
734,en2vi,"tensor(0.9548, dtype=torch.float64)"
735,en2vi,"tensor(0.9307, dtype=torch.float64)"
736,en2vi,"tensor(0.9188, dtype=torch.float64)"
737,en2vi,"tensor(0.9360, dtype=torch.float64)"
738,en2vi,"tensor(0.8972, dtype=torch.float64)"
739,en2vi,"tensor(0.9277, dtype=torch.float64)"
740,en2vi,"tensor(0.8617, dtype=torch.float64)"
741,en2vi,"tensor(0.9152, dtype=torch.float64)"
742,en2vi,"tensor(0.9540, dtype=torch.float64)"
743,en2vi,"tensor(0.8382, dtype=torch.float64)"
744,en2vi,"tensor(0.9132, dtype=torch.float64)"
745,en2vi,"tensor(0.9447, dtype=torch.float64)"
746,en2vi,"tensor(0.9824, dtype=torch.float64)"
747,en2vi,"tensor(0.9196, dtype=torch.float64)"
748,en2vi,"tensor(0.9012, dtype=torch.float64)"
749,en2vi,"tensor(0.9246, dtype=torch.float64)"
750,en2vi,"tensor(0.9580, dtype=torch.float64)"
751,en2vi,"tensor(0.9176, dtype=torch.float64)"
752,en2vi,"tensor(0.9699, dtype=torch.float64)"
753,en2vi,"tensor(0.8893, dtype=torch.float64)"
754,en2vi,"tensor(0.9569, dtype=torch.float64)"
755,en2vi,"tensor(0.9278, dtype=torch.float64)"
756,en2vi,"tensor(0.9613, dtype=torch.float64)"
757,en2vi,"tensor(0.9239, dtype=torch.float64)"
758,en2vi,"tensor(0.9223, dtype=torch.float64)"
759,en2vi,"tensor(0.9630, dtype=torch.float64)"
760,en2vi,"tensor(0.9533, dtype=torch.float64)"
761,en2vi,"tensor(0.8691, dtype=torch.float64)"
762,en2vi,"tensor(0.9594, dtype=torch.float64)"
763,en2vi,"tensor(0.9373, dtype=torch.float64)"
764,en2vi,"tensor(0.9283, dtype=torch.float64)"
765,en2vi,"tensor(0.9110, dtype=torch.float64)"
766,en2vi,"tensor(0.9638, dtype=torch.float64)"
767,en2vi,"tensor(0.9653, dtype=torch.float64)"
768,en2vi,"tensor(0.9435, dtype=torch.float64)"
769,en2vi,"tensor(0.9297, dtype=torch.float64)"
770,en2vi,"tensor(0.9720, dtype=torch.float64)"
771,en2vi,"tensor(0.9254, dtype=torch.float64)"
772,en2vi,"tensor(0.9265, dtype=torch.float64)"
773,en2vi,"tensor(0.8995, dtype=torch.float64)"
774,en2vi,"tensor(0.9715, dtype=torch.float64)"
775,en2vi,"tensor(0.9130, dtype=torch.float64)"
776,en2vi,"tensor(0.9098, dtype=torch.float64)"
777,en2vi,"tensor(0.8561, dtype=torch.float64)"
778,en2vi,"tensor(0.9488, dtype=torch.float64)"
779,en2vi,"tensor(0.8985, dtype=torch.float64)"
780,en2vi,"tensor(0.9682, dtype=torch.float64)"
781,en2vi,"tensor(0.9767, dtype=torch.float64)"
782,en2vi,"tensor(0.8598, dtype=torch.float64)"
783,en2vi,"tensor(0.9258, dtype=torch.float64)"
784,en2vi,"tensor(0.9802, dtype=torch.float64)"
785,en2vi,"tensor(1., dtype=torch.float64)"
786,en2vi,"tensor(0.9463, dtype=torch.float64)"
787,en2vi,"tensor(0.9240, dtype=torch.float64)"
788,en2vi,"tensor(0.9355, dtype=torch.float64)"
789,en2vi,"tensor(0.9104, dtype=torch.float64)"
790,en2vi,"tensor(0.8785, dtype=torch.float64)"
791,en2vi,"tensor(0.9558, dtype=torch.float64)"
792,en2vi,"tensor(0.9547, dtype=torch.float64)"
793,en2vi,"tensor(0.9309, dtype=torch.float64)"
794,en2vi,"tensor(0.8395, dtype=torch.float64)"
795,en2vi,"tensor(0.9427, dtype=torch.float64)"
796,en2vi,"tensor(0.9013, dtype=torch.float64)"
797,en2vi,"tensor(0.9515, dtype=torch.float64)"
798,en2vi,"tensor(0.9231, dtype=torch.float64)"
799,en2vi,"tensor(0.9356, dtype=torch.float64)"
800,en2ja,"tensor(0.8813, dtype=torch.float64)"
801,en2ja,"tensor(0.8324, dtype=torch.float64)"
802,en2ja,"tensor(0.8333, dtype=torch.float64)"
803,en2ja,"tensor(0.9545, dtype=torch.float64)"
804,en2ja,"tensor(0.8248, dtype=torch.float64)"
805,en2ja,"tensor(0.9123, dtype=torch.float64)"
806,en2ja,"tensor(0.9685, dtype=torch.float64)"
807,en2ja,"tensor(0.9408, dtype=torch.float64)"
808,en2ja,"tensor(0.9000, dtype=torch.float64)"
809,en2ja,"tensor(0.8712, dtype=torch.float64)"
810,en2ja,"tensor(0.8539, dtype=torch.float64)"
811,en2ja,"tensor(0.8810, dtype=torch.float64)"
812,en2ja,"tensor(0.8350, dtype=torch.float64)"
813,en2ja,"tensor(0.9288, dtype=torch.float64)"
814,en2ja,"tensor(0.8964, dtype=torch.float64)"
815,en2ja,"tensor(0.8580, dtype=torch.float64)"
816,en2ja,"tensor(0.8969, dtype=torch.float64)"
817,en2ja,"tensor(0.8535, dtype=torch.float64)"
818,en2ja,"tensor(0.8695, dtype=torch.float64)"
819,en2ja,"tensor(0.8384, dtype=torch.float64)"
820,en2ja,"tensor(0.9330, dtype=torch.float64)"
821,en2ja,"tensor(0.8562, dtype=torch.float64)"
822,en2ja,"tensor(0.9122, dtype=torch.float64)"
823,en2ja,"tensor(0.8343, dtype=torch.float64)"
824,en2ja,"tensor(0.8647, dtype=torch.float64)"
825,en2ja,"tensor(0.8141, dtype=torch.float64)"
826,en2ja,"tensor(0.8387, dtype=torch.float64)"
827,en2ja,"tensor(0.8549, dtype=torch.float64)"
828,en2ja,"tensor(0.8366, dtype=torch.float64)"
829,en2ja,"tensor(0.8670, dtype=torch.float64)"
830,en2ja,"tensor(0.9052, dtype=torch.float64)"
831,en2ja,"tensor(0.8551, dtype=torch.float64)"
832,en2ja,"tensor(0.8680, dtype=torch.float64)"
833,en2ja,"tensor(0.8378, dtype=torch.float64)"
834,en2ja,"tensor(0.8881, dtype=torch.float64)"
835,en2ja,"tensor(0.9193, dtype=torch.float64)"
836,en2ja,"tensor(0.8983, dtype=torch.float64)"
837,en2ja,"tensor(0.9084, dtype=torch.float64)"
838,en2ja,"tensor(0.9087, dtype=torch.float64)"
839,en2ja,"tensor(0.9429, dtype=torch.float64)"
840,en2ja,"tensor(0.8263, dtype=torch.float64)"
841,en2ja,"tensor(0.8423, dtype=torch.float64)"
842,en2ja,"tensor(0.9416, dtype=torch.float64)"
843,en2ja,"tensor(0.8273, dtype=torch.float64)"
844,en2ja,"tensor(0.8304, dtype=torch.float64)"
845,en2ja,"tensor(0.9292, dtype=torch.float64)"
846,en2ja,"tensor(0.9422, dtype=torch.float64)"
847,en2ja,"tensor(0.8919, dtype=torch.float64)"
848,en2ja,"tensor(0.8308, dtype=torch.float64)"
849,en2ja,"tensor(0.9468, dtype=torch.float64)"
850,en2ja,"tensor(0.8933, dtype=torch.float64)"
851,en2ja,"tensor(0.8657, dtype=torch.float64)"
852,en2ja,"tensor(0.8885, dtype=torch.float64)"
853,en2ja,"tensor(0.8556, dtype=torch.float64)"
854,en2ja,"tensor(0.8803, dtype=torch.float64)"
855,en2ja,"tensor(0.8792, dtype=torch.float64)"
856,en2ja,"tensor(0.9392, dtype=torch.float64)"
857,en2ja,"tensor(0.8835, dtype=torch.float64)"
858,en2ja,"tensor(0.8874, dtype=torch.float64)"
859,en2ja,"tensor(0.9478, dtype=torch.float64)"
860,en2ja,"tensor(0.8256, dtype=torch.float64)"
861,en2ja,"tensor(0.8804, dtype=torch.float64)"
862,en2ja,"tensor(0.9075, dtype=torch.float64)"
863,en2ja,"tensor(0.9211, dtype=torch.float64)"
864,en2ja,"tensor(0.8566, dtype=torch.float64)"
865,en2ja,"tensor(0.8080, dtype=torch.float64)"
866,en2ja,"tensor(0.9045, dtype=torch.float64)"
867,en2ja,"tensor(0.9039, dtype=torch.float64)"
868,en2ja,"tensor(0.8651, dtype=torch.float64)"
869,en2ja,"tensor(0.9454, dtype=torch.float64)"
870,en2ja,"tensor(0.9692, dtype=torch.float64)"
871,en2ja,"tensor(0.9157, dtype=torch.float64)"
872,en2ja,"tensor(0.9044, dtype=torch.float64)"
873,en2ja,"tensor(0.8872, dtype=torch.float64)"
874,en2ja,"tensor(0.9560, dtype=torch.float64)"
875,en2ja,"tensor(0.8976, dtype=torch.float64)"
876,en2ja,"tensor(0.8759, dtype=torch.float64)"
877,en2ja,"tensor(0.8147, dtype=torch.float64)"
878,en2ja,"tensor(0.8173, dtype=torch.float64)"
879,en2ja,"tensor(0.8490, dtype=torch.float64)"
880,en2ja,"tensor(0.8766, dtype=torch.float64)"
881,en2ja,"tensor(0.8652, dtype=torch.float64)"
882,en2ja,"tensor(0.8362, dtype=torch.float64)"
883,en2ja,"tensor(0.8359, dtype=torch.float64)"
884,en2ja,"tensor(0.9071, dtype=torch.float64)"
885,en2ja,"tensor(0.9384, dtype=torch.float64)"
886,en2ja,"tensor(0.9034, dtype=torch.float64)"
887,en2ja,"tensor(0.8141, dtype=torch.float64)"
888,en2ja,"tensor(0.9098, dtype=torch.float64)"
889,en2ja,"tensor(0.8692, dtype=torch.float64)"
890,en2ja,"tensor(0.8594, dtype=torch.float64)"
891,en2ja,"tensor(0.8485, dtype=torch.float64)"
892,en2ja,"tensor(0.9328, dtype=torch.float64)"
893,en2ja,"tensor(0.8223, dtype=torch.float64)"
894,en2ja,"tensor(0.8052, dtype=torch.float64)"
895,en2ja,"tensor(0.9531, dtype=torch.float64)"
896,en2ja,"tensor(0.8918, dtype=torch.float64)"
897,en2ja,"tensor(0.9541, dtype=torch.float64)"
898,en2ja,"tensor(0.9398, dtype=torch.float64)"
899,en2ja,"tensor(0.9202, dtype=torch.float64)"
900,en2fr,"tensor(0.8668, dtype=torch.float64)"
901,en2fr,"tensor(0.8584, dtype=torch.float64)"
902,en2fr,"tensor(0.7610, dtype=torch.float64)"
903,en2fr,"tensor(0.9102, dtype=torch.float64)"
904,en2fr,"tensor(0.8252, dtype=torch.float64)"
905,en2fr,"tensor(0.8513, dtype=torch.float64)"
906,en2fr,"tensor(0.9427, dtype=torch.float64)"
907,en2fr,"tensor(0.8961, dtype=torch.float64)"
908,en2fr,"tensor(0.8494, dtype=torch.float64)"
909,en2fr,"tensor(0.7931, dtype=torch.float64)"
910,en2fr,"tensor(0.8744, dtype=torch.float64)"
911,en2fr,"tensor(0.8070, dtype=torch.float64)"
912,en2fr,"tensor(0.8856, dtype=torch.float64)"
913,en2fr,"tensor(0.8425, dtype=torch.float64)"
914,en2fr,"tensor(0.8498, dtype=torch.float64)"
915,en2fr,"tensor(0.8414, dtype=torch.float64)"
916,en2fr,"tensor(0.8661, dtype=torch.float64)"
917,en2fr,"tensor(0.7701, dtype=torch.float64)"
918,en2fr,"tensor(0.8184, dtype=torch.float64)"
919,en2fr,"tensor(0.7961, dtype=torch.float64)"
920,en2fr,"tensor(0.9010, dtype=torch.float64)"
921,en2fr,"tensor(0.8921, dtype=torch.float64)"
922,en2fr,"tensor(0.9302, dtype=torch.float64)"
923,en2fr,"tensor(0.8564, dtype=torch.float64)"
924,en2fr,"tensor(0.8603, dtype=torch.float64)"
925,en2fr,"tensor(0.8057, dtype=torch.float64)"
926,en2fr,"tensor(0.9158, dtype=torch.float64)"
927,en2fr,"tensor(0.8560, dtype=torch.float64)"
928,en2fr,"tensor(0.7979, dtype=torch.float64)"
929,en2fr,"tensor(0.8081, dtype=torch.float64)"
930,en2fr,"tensor(0.8599, dtype=torch.float64)"
931,en2fr,"tensor(0.8353, dtype=torch.float64)"
932,en2fr,"tensor(0.7732, dtype=torch.float64)"
933,en2fr,"tensor(0.8483, dtype=torch.float64)"
934,en2fr,"tensor(0.9079, dtype=torch.float64)"
935,en2fr,"tensor(0.8435, dtype=torch.float64)"
936,en2fr,"tensor(0.8277, dtype=torch.float64)"
937,en2fr,"tensor(0.8601, dtype=torch.float64)"
938,en2fr,"tensor(0.8251, dtype=torch.float64)"
939,en2fr,"tensor(0.8654, dtype=torch.float64)"
940,en2fr,"tensor(0.7875, dtype=torch.float64)"
941,en2fr,"tensor(0.8297, dtype=torch.float64)"
942,en2fr,"tensor(0.8696, dtype=torch.float64)"
943,en2fr,"tensor(0.7735, dtype=torch.float64)"
944,en2fr,"tensor(0.8288, dtype=torch.float64)"
945,en2fr,"tensor(0.9283, dtype=torch.float64)"
946,en2fr,"tensor(0.9361, dtype=torch.float64)"
947,en2fr,"tensor(0.8224, dtype=torch.float64)"
948,en2fr,"tensor(0.7352, dtype=torch.float64)"
949,en2fr,"tensor(0.8776, dtype=torch.float64)"
950,en2fr,"tensor(0.8780, dtype=torch.float64)"
951,en2fr,"tensor(0.7976, dtype=torch.float64)"
952,en2fr,"tensor(0.9274, dtype=torch.float64)"
953,en2fr,"tensor(0.7581, dtype=torch.float64)"
954,en2fr,"tensor(0.8796, dtype=torch.float64)"
955,en2fr,"tensor(0.8427, dtype=torch.float64)"
956,en2fr,"tensor(0.9020, dtype=torch.float64)"
957,en2fr,"tensor(0.8504, dtype=torch.float64)"
958,en2fr,"tensor(0.8690, dtype=torch.float64)"
959,en2fr,"tensor(0.9198, dtype=torch.float64)"
960,en2fr,"tensor(0.8224, dtype=torch.float64)"
961,en2fr,"tensor(0.8114, dtype=torch.float64)"
962,en2fr,"tensor(0.8568, dtype=torch.float64)"
963,en2fr,"tensor(0.8568, dtype=torch.float64)"
964,en2fr,"tensor(0.9231, dtype=torch.float64)"
965,en2fr,"tensor(0.8341, dtype=torch.float64)"
966,en2fr,"tensor(0.9174, dtype=torch.float64)"
967,en2fr,"tensor(0.8926, dtype=torch.float64)"
968,en2fr,"tensor(0.8993, dtype=torch.float64)"
969,en2fr,"tensor(0.8789, dtype=torch.float64)"
970,en2fr,"tensor(0.9384, dtype=torch.float64)"
971,en2fr,"tensor(0.8169, dtype=torch.float64)"
972,en2fr,"tensor(0.8288, dtype=torch.float64)"
973,en2fr,"tensor(0.8454, dtype=torch.float64)"
974,en2fr,"tensor(0.9071, dtype=torch.float64)"
975,en2fr,"tensor(0.7913, dtype=torch.float64)"
976,en2fr,"tensor(0.8477, dtype=torch.float64)"
977,en2fr,"tensor(0.7969, dtype=torch.float64)"
978,en2fr,"tensor(0.8528, dtype=torch.float64)"
979,en2fr,"tensor(0.8494, dtype=torch.float64)"
980,en2fr,"tensor(0.8713, dtype=torch.float64)"
981,en2fr,"tensor(0.9070, dtype=torch.float64)"
982,en2fr,"tensor(0.8356, dtype=torch.float64)"
983,en2fr,"tensor(0.8747, dtype=torch.float64)"
984,en2fr,"tensor(0.8756, dtype=torch.float64)"
985,en2fr,"tensor(0.9202, dtype=torch.float64)"
986,en2fr,"tensor(0.8333, dtype=torch.float64)"
987,en2fr,"tensor(0.8443, dtype=torch.float64)"
988,en2fr,"tensor(0.7872, dtype=torch.float64)"
989,en2fr,"tensor(0.8081, dtype=torch.float64)"
990,en2fr,"tensor(0.8253, dtype=torch.float64)"
991,en2fr,"tensor(0.9358, dtype=torch.float64)"
992,en2fr,"tensor(0.9000, dtype=torch.float64)"
993,en2fr,"tensor(0.8636, dtype=torch.float64)"
994,en2fr,"tensor(0.8035, dtype=torch.float64)"
995,en2fr,"tensor(0.9005, dtype=torch.float64)"
996,en2fr,"tensor(0.8537, dtype=torch.float64)"
997,en2fr,"tensor(0.8821, dtype=torch.float64)"
998,en2fr,"tensor(0.8897, dtype=torch.float64)"
999,en2fr,"tensor(0.8715, dtype=torch.float64)"
1000,en2ko,"tensor(0.8555, dtype=torch.float64)"
1001,en2ko,"tensor(0.8266, dtype=torch.float64)"
1002,en2ko,"tensor(0.8151, dtype=torch.float64)"
1003,en2ko,"tensor(0.8717, dtype=torch.float64)"
1004,en2ko,"tensor(0.8238, dtype=torch.float64)"
1005,en2ko,"tensor(0.8266, dtype=torch.float64)"
1006,en2ko,"tensor(0.9195, dtype=torch.float64)"
1007,en2ko,"tensor(0.8824, dtype=torch.float64)"
1008,en2ko,"tensor(0.9199, dtype=torch.float64)"
1009,en2ko,"tensor(0.8208, dtype=torch.float64)"
1010,en2ko,"tensor(0.8125, dtype=torch.float64)"
1011,en2ko,"tensor(0.8137, dtype=torch.float64)"
1012,en2ko,"tensor(0.8382, dtype=torch.float64)"
1013,en2ko,"tensor(0.8116, dtype=torch.float64)"
1014,en2ko,"tensor(0.8503, dtype=torch.float64)"
1015,en2ko,"tensor(0.7362, dtype=torch.float64)"
1016,en2ko,"tensor(0.9053, dtype=torch.float64)"
1017,en2ko,"tensor(0.7917, dtype=torch.float64)"
1018,en2ko,"tensor(0.7991, dtype=torch.float64)"
1019,en2ko,"tensor(0.7840, dtype=torch.float64)"
1020,en2ko,"tensor(0.8000, dtype=torch.float64)"
1021,en2ko,"tensor(0.8438, dtype=torch.float64)"
1022,en2ko,"tensor(0.9167, dtype=torch.float64)"
1023,en2ko,"tensor(0.8190, dtype=torch.float64)"
1024,en2ko,"tensor(0.8390, dtype=torch.float64)"
1025,en2ko,"tensor(0.7901, dtype=torch.float64)"
1026,en2ko,"tensor(0.9290, dtype=torch.float64)"
1027,en2ko,"tensor(0.7993, dtype=torch.float64)"
1028,en2ko,"tensor(0.8125, dtype=torch.float64)"
1029,en2ko,"tensor(0.7684, dtype=torch.float64)"
1030,en2ko,"tensor(0.8912, dtype=torch.float64)"
1031,en2ko,"tensor(0.8554, dtype=torch.float64)"
1032,en2ko,"tensor(0.8143, dtype=torch.float64)"
1033,en2ko,"tensor(0.8261, dtype=torch.float64)"
1034,en2ko,"tensor(0.8857, dtype=torch.float64)"
1035,en2ko,"tensor(0.9075, dtype=torch.float64)"
1036,en2ko,"tensor(0.8474, dtype=torch.float64)"
1037,en2ko,"tensor(0.8493, dtype=torch.float64)"
1038,en2ko,"tensor(0.8681, dtype=torch.float64)"
1039,en2ko,"tensor(0.8377, dtype=torch.float64)"
1040,en2ko,"tensor(0.8130, dtype=torch.float64)"
1041,en2ko,"tensor(0.8468, dtype=torch.float64)"
1042,en2ko,"tensor(0.8998, dtype=torch.float64)"
1043,en2ko,"tensor(0.7689, dtype=torch.float64)"
1044,en2ko,"tensor(0.8579, dtype=torch.float64)"
1045,en2ko,"tensor(0.8694, dtype=torch.float64)"
1046,en2ko,"tensor(0.8812, dtype=torch.float64)"
1047,en2ko,"tensor(0.8604, dtype=torch.float64)"
1048,en2ko,"tensor(0.7963, dtype=torch.float64)"
1049,en2ko,"tensor(0.9167, dtype=torch.float64)"
1050,en2ko,"tensor(0.9257, dtype=torch.float64)"
1051,en2ko,"tensor(0.8448, dtype=torch.float64)"
1052,en2ko,"tensor(0.9127, dtype=torch.float64)"
1053,en2ko,"tensor(0.7638, dtype=torch.float64)"
1054,en2ko,"tensor(0.8346, dtype=torch.float64)"
1055,en2ko,"tensor(0.7849, dtype=torch.float64)"
1056,en2ko,"tensor(0.9474, dtype=torch.float64)"
1057,en2ko,"tensor(0.8785, dtype=torch.float64)"
1058,en2ko,"tensor(0.8750, dtype=torch.float64)"
1059,en2ko,"tensor(0.8724, dtype=torch.float64)"
1060,en2ko,"tensor(0.8316, dtype=torch.float64)"
1061,en2ko,"tensor(0.7874, dtype=torch.float64)"
1062,en2ko,"tensor(0.8557, dtype=torch.float64)"
1063,en2ko,"tensor(0.8531, dtype=torch.float64)"
1064,en2ko,"tensor(0.8591, dtype=torch.float64)"
1065,en2ko,"tensor(0.8178, dtype=torch.float64)"
1066,en2ko,"tensor(0.9003, dtype=torch.float64)"
1067,en2ko,"tensor(0.8726, dtype=torch.float64)"
1068,en2ko,"tensor(0.8623, dtype=torch.float64)"
1069,en2ko,"tensor(0.9124, dtype=torch.float64)"
1070,en2ko,"tensor(0.9215, dtype=torch.float64)"
1071,en2ko,"tensor(0.8420, dtype=torch.float64)"
1072,en2ko,"tensor(0.8092, dtype=torch.float64)"
1073,en2ko,"tensor(0.8384, dtype=torch.float64)"
1074,en2ko,"tensor(0.8780, dtype=torch.float64)"
1075,en2ko,"tensor(0.8484, dtype=torch.float64)"
1076,en2ko,"tensor(0.8101, dtype=torch.float64)"
1077,en2ko,"tensor(0.7615, dtype=torch.float64)"
1078,en2ko,"tensor(0.7809, dtype=torch.float64)"
1079,en2ko,"tensor(0.8014, dtype=torch.float64)"
1080,en2ko,"tensor(0.8044, dtype=torch.float64)"
1081,en2ko,"tensor(0.9439, dtype=torch.float64)"
1082,en2ko,"tensor(0.8385, dtype=torch.float64)"
1083,en2ko,"tensor(0.8670, dtype=torch.float64)"
1084,en2ko,"tensor(0.8738, dtype=torch.float64)"
1085,en2ko,"tensor(0.8472, dtype=torch.float64)"
1086,en2ko,"tensor(0.8392, dtype=torch.float64)"
1087,en2ko,"tensor(0.8258, dtype=torch.float64)"
1088,en2ko,"tensor(0.8469, dtype=torch.float64)"
1089,en2ko,"tensor(0.7537, dtype=torch.float64)"
1090,en2ko,"tensor(0.8033, dtype=torch.float64)"
1091,en2ko,"tensor(0.8366, dtype=torch.float64)"
1092,en2ko,"tensor(0.9008, dtype=torch.float64)"
1093,en2ko,"tensor(0.8595, dtype=torch.float64)"
1094,en2ko,"tensor(0.7487, dtype=torch.float64)"
1095,en2ko,"tensor(0.9051, dtype=torch.float64)"
1096,en2ko,"tensor(0.8728, dtype=torch.float64)"
1097,en2ko,"tensor(0.8524, dtype=torch.float64)"
1098,en2ko,"tensor(0.8500, dtype=torch.float64)"
1099,en2ko,"tensor(0.8465, dtype=torch.float64)"
1100,en2de,"tensor(0.8451, dtype=torch.float64)"
1101,en2de,"tensor(0.8616, dtype=torch.float64)"
1102,en2de,"tensor(0.7930, dtype=torch.float64)"
1103,en2de,"tensor(0.8876, dtype=torch.float64)"
1104,en2de,"tensor(0.8559, dtype=torch.float64)"
1105,en2de,"tensor(0.8745, dtype=torch.float64)"
1106,en2de,"tensor(0.9412, dtype=torch.float64)"
1107,en2de,"tensor(0.9655, dtype=torch.float64)"
1108,en2de,"tensor(0.8444, dtype=torch.float64)"
1109,en2de,"tensor(0.7784, dtype=torch.float64)"
1110,en2de,"tensor(0.8894, dtype=torch.float64)"
1111,en2de,"tensor(0.8338, dtype=torch.float64)"
1112,en2de,"tensor(0.8819, dtype=torch.float64)"
1113,en2de,"tensor(0.8471, dtype=torch.float64)"
1114,en2de,"tensor(0.9135, dtype=torch.float64)"
1115,en2de,"tensor(0.8131, dtype=torch.float64)"
1116,en2de,"tensor(0.8694, dtype=torch.float64)"
1117,en2de,"tensor(0.7573, dtype=torch.float64)"
1118,en2de,"tensor(0.8190, dtype=torch.float64)"
1119,en2de,"tensor(0.7867, dtype=torch.float64)"
1120,en2de,"tensor(0.8883, dtype=torch.float64)"
1121,en2de,"tensor(0.8378, dtype=torch.float64)"
1122,en2de,"tensor(0.9688, dtype=torch.float64)"
1123,en2de,"tensor(0.8582, dtype=torch.float64)"
1124,en2de,"tensor(0.8407, dtype=torch.float64)"
1125,en2de,"tensor(0.7830, dtype=torch.float64)"
1126,en2de,"tensor(0.9064, dtype=torch.float64)"
1127,en2de,"tensor(0.8807, dtype=torch.float64)"
1128,en2de,"tensor(0.8118, dtype=torch.float64)"
1129,en2de,"tensor(0.8166, dtype=torch.float64)"
1130,en2de,"tensor(0.8896, dtype=torch.float64)"
1131,en2de,"tensor(0.8386, dtype=torch.float64)"
1132,en2de,"tensor(0.7748, dtype=torch.float64)"
1133,en2de,"tensor(0.8448, dtype=torch.float64)"
1134,en2de,"tensor(0.8385, dtype=torch.float64)"
1135,en2de,"tensor(0.8830, dtype=torch.float64)"
1136,en2de,"tensor(0.8701, dtype=torch.float64)"
1137,en2de,"tensor(0.8618, dtype=torch.float64)"
1138,en2de,"tensor(0.8590, dtype=torch.float64)"
1139,en2de,"tensor(0.8784, dtype=torch.float64)"
1140,en2de,"tensor(0.7821, dtype=torch.float64)"
1141,en2de,"tensor(0.8562, dtype=torch.float64)"
1142,en2de,"tensor(0.8663, dtype=torch.float64)"
1143,en2de,"tensor(0.7720, dtype=torch.float64)"
1144,en2de,"tensor(0.8443, dtype=torch.float64)"
1145,en2de,"tensor(0.9231, dtype=torch.float64)"
1146,en2de,"tensor(0.9237, dtype=torch.float64)"
1147,en2de,"tensor(0.8844, dtype=torch.float64)"
1148,en2de,"tensor(0.7674, dtype=torch.float64)"
1149,en2de,"tensor(0.8715, dtype=torch.float64)"
1150,en2de,"tensor(0.8704, dtype=torch.float64)"
1151,en2de,"tensor(0.8046, dtype=torch.float64)"
1152,en2de,"tensor(0.9291, dtype=torch.float64)"
1153,en2de,"tensor(0.8030, dtype=torch.float64)"
1154,en2de,"tensor(0.8866, dtype=torch.float64)"
1155,en2de,"tensor(0.8617, dtype=torch.float64)"
1156,en2de,"tensor(0.9073, dtype=torch.float64)"
1157,en2de,"tensor(0.8640, dtype=torch.float64)"
1158,en2de,"tensor(0.8602, dtype=torch.float64)"
1159,en2de,"tensor(0.9227, dtype=torch.float64)"
1160,en2de,"tensor(0.8410, dtype=torch.float64)"
1161,en2de,"tensor(0.8112, dtype=torch.float64)"
1162,en2de,"tensor(0.8871, dtype=torch.float64)"
1163,en2de,"tensor(0.8623, dtype=torch.float64)"
1164,en2de,"tensor(0.9320, dtype=torch.float64)"
1165,en2de,"tensor(0.8112, dtype=torch.float64)"
1166,en2de,"tensor(0.9149, dtype=torch.float64)"
1167,en2de,"tensor(0.9003, dtype=torch.float64)"
1168,en2de,"tensor(0.8912, dtype=torch.float64)"
1169,en2de,"tensor(0.8926, dtype=torch.float64)"
1170,en2de,"tensor(0.9170, dtype=torch.float64)"
1171,en2de,"tensor(0.8486, dtype=torch.float64)"
1172,en2de,"tensor(0.7889, dtype=torch.float64)"
1173,en2de,"tensor(0.7881, dtype=torch.float64)"
1174,en2de,"tensor(0.9286, dtype=torch.float64)"
1175,en2de,"tensor(0.8041, dtype=torch.float64)"
1176,en2de,"tensor(0.8857, dtype=torch.float64)"
1177,en2de,"tensor(0.7635, dtype=torch.float64)"
1178,en2de,"tensor(0.8405, dtype=torch.float64)"
1179,en2de,"tensor(0.8231, dtype=torch.float64)"
1180,en2de,"tensor(0.8662, dtype=torch.float64)"
1181,en2de,"tensor(0.8938, dtype=torch.float64)"
1182,en2de,"tensor(0.8250, dtype=torch.float64)"
1183,en2de,"tensor(0.8294, dtype=torch.float64)"
1184,en2de,"tensor(0.9058, dtype=torch.float64)"
1185,en2de,"tensor(0.9242, dtype=torch.float64)"
1186,en2de,"tensor(0.8618, dtype=torch.float64)"
1187,en2de,"tensor(0.8293, dtype=torch.float64)"
1188,en2de,"tensor(0.8194, dtype=torch.float64)"
1189,en2de,"tensor(0.8238, dtype=torch.float64)"
1190,en2de,"tensor(0.8264, dtype=torch.float64)"
1191,en2de,"tensor(0.9106, dtype=torch.float64)"
1192,en2de,"tensor(0.8894, dtype=torch.float64)"
1193,en2de,"tensor(0.8669, dtype=torch.float64)"
1194,en2de,"tensor(0.7679, dtype=torch.float64)"
1195,en2de,"tensor(0.8844, dtype=torch.float64)"
1196,en2de,"tensor(0.8571, dtype=torch.float64)"
1197,en2de,"tensor(0.8605, dtype=torch.float64)"
1198,en2de,"tensor(0.8923, dtype=torch.float64)"
1199,en2de,"tensor(0.8272, dtype=torch.float64)"
1200,en2pl,"tensor(0.8838, dtype=torch.float64)"
1201,en2pl,"tensor(0.8446, dtype=torch.float64)"
1202,en2pl,"tensor(0.7791, dtype=torch.float64)"
1203,en2pl,"tensor(0.9163, dtype=torch.float64)"
1204,en2pl,"tensor(0.8373, dtype=torch.float64)"
1205,en2pl,"tensor(0.8616, dtype=torch.float64)"
1206,en2pl,"tensor(0.9715, dtype=torch.float64)"
1207,en2pl,"tensor(0.9407, dtype=torch.float64)"
1208,en2pl,"tensor(0.8729, dtype=torch.float64)"
1209,en2pl,"tensor(0.8135, dtype=torch.float64)"
1210,en2pl,"tensor(0.8857, dtype=torch.float64)"
1211,en2pl,"tensor(0.8709, dtype=torch.float64)"
1212,en2pl,"tensor(0.8902, dtype=torch.float64)"
1213,en2pl,"tensor(0.8434, dtype=torch.float64)"
1214,en2pl,"tensor(0.8993, dtype=torch.float64)"
1215,en2pl,"tensor(0.8070, dtype=torch.float64)"
1216,en2pl,"tensor(0.9034, dtype=torch.float64)"
1217,en2pl,"tensor(0.7619, dtype=torch.float64)"
1218,en2pl,"tensor(0.8386, dtype=torch.float64)"
1219,en2pl,"tensor(0.8070, dtype=torch.float64)"
1220,en2pl,"tensor(0.9115, dtype=torch.float64)"
1221,en2pl,"tensor(0.8857, dtype=torch.float64)"
1222,en2pl,"tensor(0.9370, dtype=torch.float64)"
1223,en2pl,"tensor(0.8810, dtype=torch.float64)"
1224,en2pl,"tensor(0.8571, dtype=torch.float64)"
1225,en2pl,"tensor(0.8430, dtype=torch.float64)"
1226,en2pl,"tensor(0.9271, dtype=torch.float64)"
1227,en2pl,"tensor(0.8622, dtype=torch.float64)"
1228,en2pl,"tensor(0.7681, dtype=torch.float64)"
1229,en2pl,"tensor(0.8103, dtype=torch.float64)"
1230,en2pl,"tensor(0.8562, dtype=torch.float64)"
1231,en2pl,"tensor(0.8744, dtype=torch.float64)"
1232,en2pl,"tensor(0.7644, dtype=torch.float64)"
1233,en2pl,"tensor(0.8484, dtype=torch.float64)"
1234,en2pl,"tensor(0.9028, dtype=torch.float64)"
1235,en2pl,"tensor(0.8592, dtype=torch.float64)"
1236,en2pl,"tensor(0.8843, dtype=torch.float64)"
1237,en2pl,"tensor(0.8363, dtype=torch.float64)"
1238,en2pl,"tensor(0.8932, dtype=torch.float64)"
1239,en2pl,"tensor(0.9412, dtype=torch.float64)"
1240,en2pl,"tensor(0.7768, dtype=torch.float64)"
1241,en2pl,"tensor(0.8800, dtype=torch.float64)"
1242,en2pl,"tensor(0.8930, dtype=torch.float64)"
1243,en2pl,"tensor(0.7665, dtype=torch.float64)"
1244,en2pl,"tensor(0.8773, dtype=torch.float64)"
1245,en2pl,"tensor(0.9492, dtype=torch.float64)"
1246,en2pl,"tensor(0.9216, dtype=torch.float64)"
1247,en2pl,"tensor(0.8700, dtype=torch.float64)"
1248,en2pl,"tensor(0.8015, dtype=torch.float64)"
1249,en2pl,"tensor(0.8876, dtype=torch.float64)"
1250,en2pl,"tensor(0.8733, dtype=torch.float64)"
1251,en2pl,"tensor(0.8456, dtype=torch.float64)"
1252,en2pl,"tensor(0.9563, dtype=torch.float64)"
1253,en2pl,"tensor(0.8075, dtype=torch.float64)"
1254,en2pl,"tensor(0.9341, dtype=torch.float64)"
1255,en2pl,"tensor(0.8011, dtype=torch.float64)"
1256,en2pl,"tensor(0.9097, dtype=torch.float64)"
1257,en2pl,"tensor(0.8631, dtype=torch.float64)"
1258,en2pl,"tensor(0.8429, dtype=torch.float64)"
1259,en2pl,"tensor(0.9336, dtype=torch.float64)"
1260,en2pl,"tensor(0.8355, dtype=torch.float64)"
1261,en2pl,"tensor(0.8529, dtype=torch.float64)"
1262,en2pl,"tensor(0.8753, dtype=torch.float64)"
1263,en2pl,"tensor(0.8564, dtype=torch.float64)"
1264,en2pl,"tensor(0.9167, dtype=torch.float64)"
1265,en2pl,"tensor(0.8310, dtype=torch.float64)"
1266,en2pl,"tensor(0.9295, dtype=torch.float64)"
1267,en2pl,"tensor(0.9061, dtype=torch.float64)"
1268,en2pl,"tensor(0.9036, dtype=torch.float64)"
1269,en2pl,"tensor(0.9121, dtype=torch.float64)"
1270,en2pl,"tensor(0.9049, dtype=torch.float64)"
1271,en2pl,"tensor(0.8735, dtype=torch.float64)"
1272,en2pl,"tensor(0.8137, dtype=torch.float64)"
1273,en2pl,"tensor(0.8313, dtype=torch.float64)"
1274,en2pl,"tensor(0.9277, dtype=torch.float64)"
1275,en2pl,"tensor(0.7958, dtype=torch.float64)"
1276,en2pl,"tensor(0.8781, dtype=torch.float64)"
1277,en2pl,"tensor(0.8000, dtype=torch.float64)"
1278,en2pl,"tensor(0.8580, dtype=torch.float64)"
1279,en2pl,"tensor(0.8618, dtype=torch.float64)"
1280,en2pl,"tensor(0.9000, dtype=torch.float64)"
1281,en2pl,"tensor(0.8803, dtype=torch.float64)"
1282,en2pl,"tensor(0.8101, dtype=torch.float64)"
1283,en2pl,"tensor(0.8399, dtype=torch.float64)"
1284,en2pl,"tensor(0.9389, dtype=torch.float64)"
1285,en2pl,"tensor(0.9489, dtype=torch.float64)"
1286,en2pl,"tensor(0.8522, dtype=torch.float64)"
1287,en2pl,"tensor(0.8328, dtype=torch.float64)"
1288,en2pl,"tensor(0.8452, dtype=torch.float64)"
1289,en2pl,"tensor(0.8243, dtype=torch.float64)"
1290,en2pl,"tensor(0.8675, dtype=torch.float64)"
1291,en2pl,"tensor(0.8925, dtype=torch.float64)"
1292,en2pl,"tensor(0.8894, dtype=torch.float64)"
1293,en2pl,"tensor(0.8906, dtype=torch.float64)"
1294,en2pl,"tensor(0.7810, dtype=torch.float64)"
1295,en2pl,"tensor(0.9069, dtype=torch.float64)"
1296,en2pl,"tensor(0.8387, dtype=torch.float64)"
1297,en2pl,"tensor(0.8857, dtype=torch.float64)"
1298,en2pl,"tensor(0.9333, dtype=torch.float64)"
1299,en2pl,"tensor(0.8659, dtype=torch.float64)"
1300,en2sn,"tensor(0.8435, dtype=torch.float64)"
1301,en2sn,"tensor(0.8329, dtype=torch.float64)"
1302,en2sn,"tensor(0.7927, dtype=torch.float64)"
1303,en2sn,"tensor(0.8908, dtype=torch.float64)"
1304,en2sn,"tensor(0.8045, dtype=torch.float64)"
1305,en2sn,"tensor(0.8112, dtype=torch.float64)"
1306,en2sn,"tensor(0.9243, dtype=torch.float64)"
1307,en2sn,"tensor(0.9452, dtype=torch.float64)"
1308,en2sn,"tensor(0.8553, dtype=torch.float64)"
1309,en2sn,"tensor(0.7585, dtype=torch.float64)"
1310,en2sn,"tensor(0.8531, dtype=torch.float64)"
1311,en2sn,"tensor(0.8203, dtype=torch.float64)"
1312,en2sn,"tensor(0.8810, dtype=torch.float64)"
1313,en2sn,"tensor(0.7906, dtype=torch.float64)"
1314,en2sn,"tensor(0.9097, dtype=torch.float64)"
1315,en2sn,"tensor(0.8350, dtype=torch.float64)"
1316,en2sn,"tensor(0.8247, dtype=torch.float64)"
1317,en2sn,"tensor(0.7202, dtype=torch.float64)"
1318,en2sn,"tensor(0.7794, dtype=torch.float64)"
1319,en2sn,"tensor(0.8204, dtype=torch.float64)"
1320,en2sn,"tensor(0.9053, dtype=torch.float64)"
1321,en2sn,"tensor(0.8175, dtype=torch.float64)"
1322,en2sn,"tensor(0.9576, dtype=torch.float64)"
1323,en2sn,"tensor(0.8486, dtype=torch.float64)"
1324,en2sn,"tensor(0.8605, dtype=torch.float64)"
1325,en2sn,"tensor(0.8151, dtype=torch.float64)"
1326,en2sn,"tensor(0.9227, dtype=torch.float64)"
1327,en2sn,"tensor(0.8659, dtype=torch.float64)"
1328,en2sn,"tensor(0.8339, dtype=torch.float64)"
1329,en2sn,"tensor(0.8068, dtype=torch.float64)"
1330,en2sn,"tensor(0.8757, dtype=torch.float64)"
1331,en2sn,"tensor(0.8128, dtype=torch.float64)"
1332,en2sn,"tensor(0.8011, dtype=torch.float64)"
1333,en2sn,"tensor(0.8474, dtype=torch.float64)"
1334,en2sn,"tensor(0.8837, dtype=torch.float64)"
1335,en2sn,"tensor(0.8646, dtype=torch.float64)"
1336,en2sn,"tensor(0.8565, dtype=torch.float64)"
1337,en2sn,"tensor(0.8387, dtype=torch.float64)"
1338,en2sn,"tensor(0.8715, dtype=torch.float64)"
1339,en2sn,"tensor(0.8723, dtype=torch.float64)"
1340,en2sn,"tensor(0.7968, dtype=torch.float64)"
1341,en2sn,"tensor(0.8317, dtype=torch.float64)"
1342,en2sn,"tensor(0.8712, dtype=torch.float64)"
1343,en2sn,"tensor(0.7606, dtype=torch.float64)"
1344,en2sn,"tensor(0.8562, dtype=torch.float64)"
1345,en2sn,"tensor(0.8811, dtype=torch.float64)"
1346,en2sn,"tensor(0.9447, dtype=torch.float64)"
1347,en2sn,"tensor(0.8214, dtype=torch.float64)"
1348,en2sn,"tensor(0.8089, dtype=torch.float64)"
1349,en2sn,"tensor(0.8342, dtype=torch.float64)"
1350,en2sn,"tensor(0.8713, dtype=torch.float64)"
1351,en2sn,"tensor(0.8202, dtype=torch.float64)"
1352,en2sn,"tensor(0.9023, dtype=torch.float64)"
1353,en2sn,"tensor(0.8058, dtype=torch.float64)"
1354,en2sn,"tensor(0.9151, dtype=torch.float64)"
1355,en2sn,"tensor(0.8644, dtype=torch.float64)"
1356,en2sn,"tensor(0.9244, dtype=torch.float64)"
1357,en2sn,"tensor(0.8235, dtype=torch.float64)"
1358,en2sn,"tensor(0.8321, dtype=torch.float64)"
1359,en2sn,"tensor(0.8756, dtype=torch.float64)"
1360,en2sn,"tensor(0.8308, dtype=torch.float64)"
1361,en2sn,"tensor(0.8185, dtype=torch.float64)"
1362,en2sn,"tensor(0.8375, dtype=torch.float64)"
1363,en2sn,"tensor(0.8468, dtype=torch.float64)"
1364,en2sn,"tensor(0.9375, dtype=torch.float64)"
1365,en2sn,"tensor(0.8617, dtype=torch.float64)"
1366,en2sn,"tensor(0.8955, dtype=torch.float64)"
1367,en2sn,"tensor(0.8712, dtype=torch.float64)"
1368,en2sn,"tensor(0.8750, dtype=torch.float64)"
1369,en2sn,"tensor(0.8881, dtype=torch.float64)"
1370,en2sn,"tensor(0.9014, dtype=torch.float64)"
1371,en2sn,"tensor(0.8653, dtype=torch.float64)"
1372,en2sn,"tensor(0.8264, dtype=torch.float64)"
1373,en2sn,"tensor(0.8049, dtype=torch.float64)"
1374,en2sn,"tensor(0.9223, dtype=torch.float64)"
1375,en2sn,"tensor(0.8193, dtype=torch.float64)"
1376,en2sn,"tensor(0.8580, dtype=torch.float64)"
1377,en2sn,"tensor(0.7876, dtype=torch.float64)"
1378,en2sn,"tensor(0.8576, dtype=torch.float64)"
1379,en2sn,"tensor(0.8327, dtype=torch.float64)"
1380,en2sn,"tensor(0.8750, dtype=torch.float64)"
1381,en2sn,"tensor(0.8797, dtype=torch.float64)"
1382,en2sn,"tensor(0.8339, dtype=torch.float64)"
1383,en2sn,"tensor(0.8565, dtype=torch.float64)"
1384,en2sn,"tensor(0.8939, dtype=torch.float64)"
1385,en2sn,"tensor(0.8756, dtype=torch.float64)"
1386,en2sn,"tensor(0.8521, dtype=torch.float64)"
1387,en2sn,"tensor(0.8705, dtype=torch.float64)"
1388,en2sn,"tensor(0.8132, dtype=torch.float64)"
1389,en2sn,"tensor(0.7854, dtype=torch.float64)"
1390,en2sn,"tensor(0.7924, dtype=torch.float64)"
1391,en2sn,"tensor(0.9080, dtype=torch.float64)"
1392,en2sn,"tensor(0.8739, dtype=torch.float64)"
1393,en2sn,"tensor(0.8545, dtype=torch.float64)"
1394,en2sn,"tensor(0.8210, dtype=torch.float64)"
1395,en2sn,"tensor(0.8945, dtype=torch.float64)"
1396,en2sn,"tensor(0.8427, dtype=torch.float64)"
1397,en2sn,"tensor(0.9027, dtype=torch.float64)"
1398,en2sn,"tensor(0.8828, dtype=torch.float64)"
1399,en2sn,"tensor(0.8635, dtype=torch.float64)"
